{
  "timestamp": "2025-11-06T22:21:44.340637",
  "dataset_info": {
    "total_samples": 2974,
    "features": 612,
    "classes": 14,
    "class_names": [
      "entertainment",
      "food_dining",
      "gas_transport",
      "grocery_net",
      "grocery_pos",
      "health_fitness",
      "home",
      "kids_pets",
      "misc_net",
      "misc_pos",
      "personal_care",
      "shopping_net",
      "shopping_pos",
      "travel"
    ],
    "train_samples": 2380,
    "test_samples": 594
  },
  "model_results": {
    "logistic_regression": {
      "model_name": "Logistic Regression",
      "accuracy": 0.9966329966329966,
      "precision_weighted": 0.9967239967239967,
      "recall_weighted": 0.9966329966329966,
      "f1_weighted": 0.9965157664929354,
      "precision_per_class": [
        1.0,
        1.0,
        1.0,
        1.0,
        0.972972972972973,
        1.0,
        1.0,
        1.0,
        1.0,
        1.0,
        1.0,
        1.0,
        1.0,
        1.0
      ],
      "recall_per_class": [
        1.0,
        1.0,
        1.0,
        1.0,
        1.0,
        1.0,
        1.0,
        1.0,
        1.0,
        1.0,
        1.0,
        1.0,
        1.0,
        0.8461538461538461
      ],
      "f1_per_class": [
        1.0,
        1.0,
        1.0,
        1.0,
        0.9863013698630136,
        1.0,
        1.0,
        1.0,
        1.0,
        1.0,
        1.0,
        1.0,
        1.0,
        0.9166666666666666
      ],
      "confusion_matrix": [
        [
          32,
          0,
          0,
          0,
          0,
          0,
          0,
          0,
          0,
          0,
          0,
          0,
          0,
          0
        ],
        [
          0,
          36,
          0,
          0,
          0,
          0,
          0,
          0,
          0,
          0,
          0,
          0,
          0,
          0
        ],
        [
          0,
          0,
          84,
          0,
          0,
          0,
          0,
          0,
          0,
          0,
          0,
          0,
          0,
          0
        ],
        [
          0,
          0,
          0,
          22,
          0,
          0,
          0,
          0,
          0,
          0,
          0,
          0,
          0,
          0
        ],
        [
          0,
          0,
          0,
          0,
          72,
          0,
          0,
          0,
          0,
          0,
          0,
          0,
          0,
          0
        ],
        [
          0,
          0,
          0,
          0,
          0,
          36,
          0,
          0,
          0,
          0,
          0,
          0,
          0,
          0
        ],
        [
          0,
          0,
          0,
          0,
          0,
          0,
          48,
          0,
          0,
          0,
          0,
          0,
          0,
          0
        ],
        [
          0,
          0,
          0,
          0,
          0,
          0,
          0,
          49,
          0,
          0,
          0,
          0,
          0,
          0
        ],
        [
          0,
          0,
          0,
          0,
          0,
          0,
          0,
          0,
          36,
          0,
          0,
          0,
          0,
          0
        ],
        [
          0,
          0,
          0,
          0,
          0,
          0,
          0,
          0,
          0,
          44,
          0,
          0,
          0,
          0
        ],
        [
          0,
          0,
          0,
          0,
          0,
          0,
          0,
          0,
          0,
          0,
          38,
          0,
          0,
          0
        ],
        [
          0,
          0,
          0,
          0,
          0,
          0,
          0,
          0,
          0,
          0,
          0,
          46,
          0,
          0
        ],
        [
          0,
          0,
          0,
          0,
          0,
          0,
          0,
          0,
          0,
          0,
          0,
          0,
          38,
          0
        ],
        [
          0,
          0,
          0,
          0,
          2,
          0,
          0,
          0,
          0,
          0,
          0,
          0,
          0,
          11
        ]
      ],
      "classification_report": {
        "entertainment": {
          "precision": 1.0,
          "recall": 1.0,
          "f1-score": 1.0,
          "support": 32.0
        },
        "food_dining": {
          "precision": 1.0,
          "recall": 1.0,
          "f1-score": 1.0,
          "support": 36.0
        },
        "gas_transport": {
          "precision": 1.0,
          "recall": 1.0,
          "f1-score": 1.0,
          "support": 84.0
        },
        "grocery_net": {
          "precision": 1.0,
          "recall": 1.0,
          "f1-score": 1.0,
          "support": 22.0
        },
        "grocery_pos": {
          "precision": 0.972972972972973,
          "recall": 1.0,
          "f1-score": 0.9863013698630136,
          "support": 72.0
        },
        "health_fitness": {
          "precision": 1.0,
          "recall": 1.0,
          "f1-score": 1.0,
          "support": 36.0
        },
        "home": {
          "precision": 1.0,
          "recall": 1.0,
          "f1-score": 1.0,
          "support": 48.0
        },
        "kids_pets": {
          "precision": 1.0,
          "recall": 1.0,
          "f1-score": 1.0,
          "support": 49.0
        },
        "misc_net": {
          "precision": 1.0,
          "recall": 1.0,
          "f1-score": 1.0,
          "support": 36.0
        },
        "misc_pos": {
          "precision": 1.0,
          "recall": 1.0,
          "f1-score": 1.0,
          "support": 44.0
        },
        "personal_care": {
          "precision": 1.0,
          "recall": 1.0,
          "f1-score": 1.0,
          "support": 38.0
        },
        "shopping_net": {
          "precision": 1.0,
          "recall": 1.0,
          "f1-score": 1.0,
          "support": 46.0
        },
        "shopping_pos": {
          "precision": 1.0,
          "recall": 1.0,
          "f1-score": 1.0,
          "support": 38.0
        },
        "travel": {
          "precision": 1.0,
          "recall": 0.8461538461538461,
          "f1-score": 0.9166666666666666,
          "support": 13.0
        },
        "accuracy": 0.9966329966329966,
        "macro avg": {
          "precision": 0.998069498069498,
          "recall": 0.989010989010989,
          "f1-score": 0.9930691454664057,
          "support": 594.0
        },
        "weighted avg": {
          "precision": 0.9967239967239967,
          "recall": 0.9966329966329966,
          "f1-score": 0.9965157664929354,
          "support": 594.0
        }
      },
      "support_per_class": null,
      "total_samples": 594,
      "num_classes": 14,
      "class_names": [
        "entertainment",
        "food_dining",
        "gas_transport",
        "grocery_net",
        "grocery_pos",
        "health_fitness",
        "home",
        "kids_pets",
        "misc_net",
        "misc_pos",
        "personal_care",
        "shopping_net",
        "shopping_pos",
        "travel"
      ]
    },
    "knn": {
      "model_name": "K-Nearest Neighbors",
      "accuracy": 0.9696969696969697,
      "precision_weighted": 0.9704397740654025,
      "recall_weighted": 0.9696969696969697,
      "f1_weighted": 0.9694206585075853,
      "precision_per_class": [
        0.8823529411764706,
        1.0,
        0.9882352941176471,
        1.0,
        0.9863013698630136,
        1.0,
        0.9591836734693877,
        1.0,
        0.9428571428571428,
        0.9743589743589743,
        0.95,
        0.9375,
        0.95,
        1.0
      ],
      "recall_per_class": [
        0.9375,
        0.8888888888888888,
        1.0,
        1.0,
        1.0,
        0.9722222222222222,
        0.9791666666666666,
        1.0,
        0.9166666666666666,
        0.8636363636363636,
        1.0,
        0.9782608695652174,
        1.0,
        1.0
      ],
      "f1_per_class": [
        0.9090909090909091,
        0.9411764705882353,
        0.9940828402366864,
        1.0,
        0.993103448275862,
        0.9859154929577465,
        0.9690721649484536,
        1.0,
        0.9295774647887324,
        0.9156626506024096,
        0.9743589743589743,
        0.9574468085106383,
        0.9743589743589743,
        1.0
      ],
      "confusion_matrix": [
        [
          30,
          0,
          0,
          0,
          0,
          0,
          0,
          0,
          0,
          0,
          0,
          2,
          0,
          0
        ],
        [
          3,
          32,
          1,
          0,
          0,
          0,
          0,
          0,
          0,
          0,
          0,
          0,
          0,
          0
        ],
        [
          0,
          0,
          84,
          0,
          0,
          0,
          0,
          0,
          0,
          0,
          0,
          0,
          0,
          0
        ],
        [
          0,
          0,
          0,
          22,
          0,
          0,
          0,
          0,
          0,
          0,
          0,
          0,
          0,
          0
        ],
        [
          0,
          0,
          0,
          0,
          72,
          0,
          0,
          0,
          0,
          0,
          0,
          0,
          0,
          0
        ],
        [
          0,
          0,
          0,
          0,
          0,
          35,
          0,
          0,
          0,
          0,
          1,
          0,
          0,
          0
        ],
        [
          0,
          0,
          0,
          0,
          0,
          0,
          47,
          0,
          0,
          1,
          0,
          0,
          0,
          0
        ],
        [
          0,
          0,
          0,
          0,
          0,
          0,
          0,
          49,
          0,
          0,
          0,
          0,
          0,
          0
        ],
        [
          1,
          0,
          0,
          0,
          1,
          0,
          0,
          0,
          33,
          0,
          0,
          1,
          0,
          0
        ],
        [
          0,
          0,
          0,
          0,
          0,
          0,
          2,
          0,
          1,
          38,
          1,
          0,
          2,
          0
        ],
        [
          0,
          0,
          0,
          0,
          0,
          0,
          0,
          0,
          0,
          0,
          38,
          0,
          0,
          0
        ],
        [
          0,
          0,
          0,
          0,
          0,
          0,
          0,
          0,
          1,
          0,
          0,
          45,
          0,
          0
        ],
        [
          0,
          0,
          0,
          0,
          0,
          0,
          0,
          0,
          0,
          0,
          0,
          0,
          38,
          0
        ],
        [
          0,
          0,
          0,
          0,
          0,
          0,
          0,
          0,
          0,
          0,
          0,
          0,
          0,
          13
        ]
      ],
      "classification_report": {
        "entertainment": {
          "precision": 0.8823529411764706,
          "recall": 0.9375,
          "f1-score": 0.9090909090909091,
          "support": 32.0
        },
        "food_dining": {
          "precision": 1.0,
          "recall": 0.8888888888888888,
          "f1-score": 0.9411764705882353,
          "support": 36.0
        },
        "gas_transport": {
          "precision": 0.9882352941176471,
          "recall": 1.0,
          "f1-score": 0.9940828402366864,
          "support": 84.0
        },
        "grocery_net": {
          "precision": 1.0,
          "recall": 1.0,
          "f1-score": 1.0,
          "support": 22.0
        },
        "grocery_pos": {
          "precision": 0.9863013698630136,
          "recall": 1.0,
          "f1-score": 0.993103448275862,
          "support": 72.0
        },
        "health_fitness": {
          "precision": 1.0,
          "recall": 0.9722222222222222,
          "f1-score": 0.9859154929577465,
          "support": 36.0
        },
        "home": {
          "precision": 0.9591836734693877,
          "recall": 0.9791666666666666,
          "f1-score": 0.9690721649484536,
          "support": 48.0
        },
        "kids_pets": {
          "precision": 1.0,
          "recall": 1.0,
          "f1-score": 1.0,
          "support": 49.0
        },
        "misc_net": {
          "precision": 0.9428571428571428,
          "recall": 0.9166666666666666,
          "f1-score": 0.9295774647887324,
          "support": 36.0
        },
        "misc_pos": {
          "precision": 0.9743589743589743,
          "recall": 0.8636363636363636,
          "f1-score": 0.9156626506024096,
          "support": 44.0
        },
        "personal_care": {
          "precision": 0.95,
          "recall": 1.0,
          "f1-score": 0.9743589743589743,
          "support": 38.0
        },
        "shopping_net": {
          "precision": 0.9375,
          "recall": 0.9782608695652174,
          "f1-score": 0.9574468085106383,
          "support": 46.0
        },
        "shopping_pos": {
          "precision": 0.95,
          "recall": 1.0,
          "f1-score": 0.9743589743589743,
          "support": 38.0
        },
        "travel": {
          "precision": 1.0,
          "recall": 1.0,
          "f1-score": 1.0,
          "support": 13.0
        },
        "accuracy": 0.9696969696969697,
        "macro avg": {
          "precision": 0.9693420997030453,
          "recall": 0.9668815484032874,
          "f1-score": 0.9674175856226874,
          "support": 594.0
        },
        "weighted avg": {
          "precision": 0.9704397740654025,
          "recall": 0.9696969696969697,
          "f1-score": 0.9694206585075853,
          "support": 594.0
        }
      },
      "support_per_class": null,
      "total_samples": 594,
      "num_classes": 14,
      "class_names": [
        "entertainment",
        "food_dining",
        "gas_transport",
        "grocery_net",
        "grocery_pos",
        "health_fitness",
        "home",
        "kids_pets",
        "misc_net",
        "misc_pos",
        "personal_care",
        "shopping_net",
        "shopping_pos",
        "travel"
      ]
    },
    "rnn": {
      "model_name": "RNN (LSTM)",
      "accuracy": 0.1919191919191919,
      "precision_weighted": 0.0394442651596202,
      "recall_weighted": 0.1919191919191919,
      "f1_weighted": 0.06510078030552809,
      "total_samples": 594,
      "num_classes": 14,
      "class_names": [
        "entertainment",
        "food_dining",
        "gas_transport",
        "grocery_net",
        "grocery_pos",
        "health_fitness",
        "home",
        "kids_pets",
        "misc_net",
        "misc_pos",
        "personal_care",
        "shopping_net",
        "shopping_pos",
        "travel"
      ],
      "training_history": {
        "final_loss": 2.065953493118286,
        "final_val_loss": 2.0077641010284424,
        "final_accuracy": 0.17983193695545197,
        "final_val_accuracy": 0.19191919267177582
      }
    }
  },
  "benchmark_model": "logistic_regression",
  "benchmark_metrics": {
    "model_name": "Logistic Regression",
    "accuracy": 0.9966329966329966,
    "precision_weighted": 0.9967239967239967,
    "recall_weighted": 0.9966329966329966,
    "f1_weighted": 0.9965157664929354,
    "precision_per_class": [
      1.0,
      1.0,
      1.0,
      1.0,
      0.972972972972973,
      1.0,
      1.0,
      1.0,
      1.0,
      1.0,
      1.0,
      1.0,
      1.0,
      1.0
    ],
    "recall_per_class": [
      1.0,
      1.0,
      1.0,
      1.0,
      1.0,
      1.0,
      1.0,
      1.0,
      1.0,
      1.0,
      1.0,
      1.0,
      1.0,
      0.8461538461538461
    ],
    "f1_per_class": [
      1.0,
      1.0,
      1.0,
      1.0,
      0.9863013698630136,
      1.0,
      1.0,
      1.0,
      1.0,
      1.0,
      1.0,
      1.0,
      1.0,
      0.9166666666666666
    ],
    "confusion_matrix": [
      [
        32,
        0,
        0,
        0,
        0,
        0,
        0,
        0,
        0,
        0,
        0,
        0,
        0,
        0
      ],
      [
        0,
        36,
        0,
        0,
        0,
        0,
        0,
        0,
        0,
        0,
        0,
        0,
        0,
        0
      ],
      [
        0,
        0,
        84,
        0,
        0,
        0,
        0,
        0,
        0,
        0,
        0,
        0,
        0,
        0
      ],
      [
        0,
        0,
        0,
        22,
        0,
        0,
        0,
        0,
        0,
        0,
        0,
        0,
        0,
        0
      ],
      [
        0,
        0,
        0,
        0,
        72,
        0,
        0,
        0,
        0,
        0,
        0,
        0,
        0,
        0
      ],
      [
        0,
        0,
        0,
        0,
        0,
        36,
        0,
        0,
        0,
        0,
        0,
        0,
        0,
        0
      ],
      [
        0,
        0,
        0,
        0,
        0,
        0,
        48,
        0,
        0,
        0,
        0,
        0,
        0,
        0
      ],
      [
        0,
        0,
        0,
        0,
        0,
        0,
        0,
        49,
        0,
        0,
        0,
        0,
        0,
        0
      ],
      [
        0,
        0,
        0,
        0,
        0,
        0,
        0,
        0,
        36,
        0,
        0,
        0,
        0,
        0
      ],
      [
        0,
        0,
        0,
        0,
        0,
        0,
        0,
        0,
        0,
        44,
        0,
        0,
        0,
        0
      ],
      [
        0,
        0,
        0,
        0,
        0,
        0,
        0,
        0,
        0,
        0,
        38,
        0,
        0,
        0
      ],
      [
        0,
        0,
        0,
        0,
        0,
        0,
        0,
        0,
        0,
        0,
        0,
        46,
        0,
        0
      ],
      [
        0,
        0,
        0,
        0,
        0,
        0,
        0,
        0,
        0,
        0,
        0,
        0,
        38,
        0
      ],
      [
        0,
        0,
        0,
        0,
        2,
        0,
        0,
        0,
        0,
        0,
        0,
        0,
        0,
        11
      ]
    ],
    "classification_report": {
      "entertainment": {
        "precision": 1.0,
        "recall": 1.0,
        "f1-score": 1.0,
        "support": 32.0
      },
      "food_dining": {
        "precision": 1.0,
        "recall": 1.0,
        "f1-score": 1.0,
        "support": 36.0
      },
      "gas_transport": {
        "precision": 1.0,
        "recall": 1.0,
        "f1-score": 1.0,
        "support": 84.0
      },
      "grocery_net": {
        "precision": 1.0,
        "recall": 1.0,
        "f1-score": 1.0,
        "support": 22.0
      },
      "grocery_pos": {
        "precision": 0.972972972972973,
        "recall": 1.0,
        "f1-score": 0.9863013698630136,
        "support": 72.0
      },
      "health_fitness": {
        "precision": 1.0,
        "recall": 1.0,
        "f1-score": 1.0,
        "support": 36.0
      },
      "home": {
        "precision": 1.0,
        "recall": 1.0,
        "f1-score": 1.0,
        "support": 48.0
      },
      "kids_pets": {
        "precision": 1.0,
        "recall": 1.0,
        "f1-score": 1.0,
        "support": 49.0
      },
      "misc_net": {
        "precision": 1.0,
        "recall": 1.0,
        "f1-score": 1.0,
        "support": 36.0
      },
      "misc_pos": {
        "precision": 1.0,
        "recall": 1.0,
        "f1-score": 1.0,
        "support": 44.0
      },
      "personal_care": {
        "precision": 1.0,
        "recall": 1.0,
        "f1-score": 1.0,
        "support": 38.0
      },
      "shopping_net": {
        "precision": 1.0,
        "recall": 1.0,
        "f1-score": 1.0,
        "support": 46.0
      },
      "shopping_pos": {
        "precision": 1.0,
        "recall": 1.0,
        "f1-score": 1.0,
        "support": 38.0
      },
      "travel": {
        "precision": 1.0,
        "recall": 0.8461538461538461,
        "f1-score": 0.9166666666666666,
        "support": 13.0
      },
      "accuracy": 0.9966329966329966,
      "macro avg": {
        "precision": 0.998069498069498,
        "recall": 0.989010989010989,
        "f1-score": 0.9930691454664057,
        "support": 594.0
      },
      "weighted avg": {
        "precision": 0.9967239967239967,
        "recall": 0.9966329966329966,
        "f1-score": 0.9965157664929354,
        "support": 594.0
      }
    },
    "support_per_class": null,
    "total_samples": 594,
    "num_classes": 14,
    "class_names": [
      "entertainment",
      "food_dining",
      "gas_transport",
      "grocery_net",
      "grocery_pos",
      "health_fitness",
      "home",
      "kids_pets",
      "misc_net",
      "misc_pos",
      "personal_care",
      "shopping_net",
      "shopping_pos",
      "travel"
    ]
  },
  "model_comparison": [
    {
      "model": "Logistic Regression",
      "accuracy": 0.9966329966329966,
      "precision": 0.9967239967239967,
      "recall": 0.9966329966329966,
      "f1_score": 0.9965157664929354,
      "samples": 594
    },
    {
      "model": "K-Nearest Neighbors",
      "accuracy": 0.9696969696969697,
      "precision": 0.9704397740654025,
      "recall": 0.9696969696969697,
      "f1_score": 0.9694206585075853,
      "samples": 594
    },
    {
      "model": "RNN (LSTM)",
      "accuracy": 0.1919191919191919,
      "precision": 0.0394442651596202,
      "recall": 0.1919191919191919,
      "f1_score": 0.06510078030552809,
      "samples": 594
    }
  ]
}